City_ID,City,Country,Lat,Lng,Max Temp,Humidity,Cloudiness,Wind Speed,Description
0,Komsomolskiy,UZ,40.4272,71.7189,86.72,25,0,4.61,clear sky
1,Fredonia,US,42.4401,-79.3317,73.06,81,92,7.74,overcast clouds
2,Guerrero Negro,MX,27.9769,-114.0611,68.05,75,99,13.47,overcast clouds
3,New Norfolk,AU,-42.7826,147.0587,49.71,80,81,2.53,broken clouds
4,Busselton,AU,-33.65,115.3333,49.01,80,4,11.07,clear sky
5,Cidreira,BR,-30.1811,-50.2056,66.34,86,100,11.79,overcast clouds
6,Khatanga,RU,71.9667,102.5,57.61,49,99,3.04,overcast clouds
7,Punta Arenas,CL,-53.15,-70.9167,28.51,93,20,6.91,few clouds
8,Ucluelet,CA,48.9329,-125.5528,58.08,93,97,0.25,overcast clouds
9,Vaini,TO,-21.2,-175.2,71.76,88,20,8.05,few clouds
10,Coquimbo,CL,-29.9533,-71.3436,55.13,66,0,3.44,clear sky
11,Richards Bay,ZA,-28.783,32.0377,68.74,78,58,10.2,broken clouds
12,Hobart,AU,-42.8794,147.3294,50.05,84,33,6.06,scattered clouds
13,Hervey Bay,AU,-25.2986,152.8535,54.01,75,1,4.0,clear sky
14,Upernavik,GL,72.7868,-56.1549,39.42,79,31,10.18,scattered clouds
15,Ahipara,NZ,-35.1667,173.1667,56.19,92,100,6.98,overcast clouds
16,Qaanaaq,GL,77.484,-69.3632,38.98,95,100,0.72,light rain
17,Tiarei,PF,-17.5333,-149.3333,73.42,74,31,11.59,light rain
18,Bluff,NZ,-46.6,168.3333,48.16,67,99,7.2,overcast clouds
19,Bethel,US,41.3712,-73.414,84.9,64,40,11.5,scattered clouds
20,Santa Cruz Cabralia,BR,-16.2781,-39.0247,79.03,69,40,5.75,scattered clouds
21,Tautira,PF,-17.7333,-149.15,78.13,76,25,13.11,light rain
22,Mataura,NZ,-46.1927,168.8643,40.33,88,90,2.51,overcast clouds
23,Puerto Ayora,EC,-0.7393,-90.3518,75.16,85,35,8.01,scattered clouds
24,Prata,BR,-19.3072,-48.9242,81.03,26,0,12.77,clear sky
25,Ushuaia,AR,-54.8,-68.3,26.26,80,0,6.91,clear sky
26,Guipavas,FR,48.4352,-4.3972,73.45,66,75,11.5,broken clouds
27,Cherskiy,RU,68.75,161.3,39.31,82,100,8.77,overcast clouds
28,Karratha,AU,-20.7377,116.8463,63.52,38,5,5.48,clear sky
29,Lavrentiya,RU,65.5833,-171.0,44.92,93,99,2.95,overcast clouds
30,Boende,CD,-0.2167,20.8667,82.83,56,96,1.25,overcast clouds
31,Rikitea,PF,-23.1203,-134.9692,74.73,76,3,19.37,clear sky
32,Yayva,RU,59.3303,57.2641,69.17,91,60,3.67,light rain
33,Bandarbeyla,SO,9.4942,50.8122,78.91,71,9,34.74,clear sky
34,Meulaboh,ID,4.1363,96.1285,79.21,81,31,2.24,scattered clouds
35,Clyde River,CA,70.4692,-68.5914,45.09,60,0,6.38,clear sky
36,Kalat,PK,29.0225,66.5916,70.03,70,100,14.2,moderate rain
37,Jamestown,US,42.097,-79.2353,73.53,82,100,5.75,overcast clouds
38,Tuatapere,NZ,-46.1333,167.6833,39.27,88,58,3.56,broken clouds
39,Chapais,CA,49.7834,-74.8492,62.02,37,5,7.02,clear sky
40,Cape Town,ZA,-33.9258,18.4232,62.11,68,20,12.66,few clouds
41,Sao Joao Da Barra,BR,-21.6403,-41.0511,82.49,57,0,13.24,clear sky
42,Barrow,US,71.2906,-156.7887,42.82,87,100,0.0,mist
43,Kapaa,US,22.0752,-159.319,72.12,87,100,11.36,overcast clouds
44,Nemuro,JP,43.3236,145.575,53.91,97,100,8.79,overcast clouds
45,Luderitz,NA,-26.6481,15.1594,61.57,57,0,14.25,clear sky
46,Anadyr,RU,64.75,177.4833,44.2,94,100,8.16,overcast clouds
47,Udachnyy,RU,66.4167,112.4,58.68,74,89,3.49,overcast clouds
48,Huarmey,PE,-10.0681,-78.1522,65.89,76,30,7.14,scattered clouds
49,Yellowknife,CA,62.456,-114.3525,66.72,48,0,5.75,smoke
50,Labuhan,ID,-6.8844,112.2051,78.48,83,93,3.0,overcast clouds
51,Presidencia Roque Saenz Pena,AR,-26.7852,-60.4388,77.32,58,95,9.64,overcast clouds
52,Saskylakh,RU,71.9167,114.0833,54.3,63,100,2.57,overcast clouds
53,Albany,US,42.6001,-73.9662,77.29,74,96,12.03,overcast clouds
54,Necochea,AR,-38.5473,-58.7368,51.98,71,92,14.88,overcast clouds
55,East London,ZA,-33.0153,27.9116,65.34,72,0,6.91,clear sky
56,Gimli,CA,50.6336,-96.9907,66.63,80,47,11.83,scattered clouds
57,Tingi,TZ,-11.3,35.0333,64.83,59,56,0.85,broken clouds
58,Angren,UZ,41.0167,70.1436,75.36,30,20,4.07,few clouds
59,Diffa,NE,13.3154,12.6113,99.05,27,71,5.03,broken clouds
60,Xiamen,CN,24.4798,118.0819,81.25,89,100,4.59,overcast clouds
61,Saint-Philippe,RE,-21.3585,55.7679,69.39,74,65,12.03,broken clouds
62,Umreth,IN,22.7,73.1167,86.29,67,91,9.48,overcast clouds
63,Port Alfred,ZA,-33.5906,26.891,63.18,84,38,3.0,scattered clouds
64,Chokurdakh,RU,70.6333,147.9167,46.22,58,99,9.98,overcast clouds
65,Nikolskoye,RU,59.7035,30.7861,72.79,48,100,5.53,overcast clouds
66,Klaksvik,FO,62.2266,-6.589,50.92,92,50,20.47,scattered clouds
67,Drumheller,CA,51.4617,-112.7101,59.05,82,100,6.71,overcast clouds
68,Synya,RU,65.3718,58.0387,79.02,41,2,3.89,clear sky
69,Port Hardy,CA,50.6996,-127.4199,55.67,93,100,2.82,light rain
70,Husavik,IS,66.0449,-17.3389,52.54,64,4,7.0,clear sky
71,Lompoc,US,34.6391,-120.4579,62.78,88,100,6.91,overcast clouds
72,Toamasina,MG,-18.1667,49.3833,70.16,83,21,6.44,light rain
73,Bilibino,RU,68.0546,166.4372,48.2,88,100,0.69,overcast clouds
74,Los Llanos De Aridane,ES,28.6585,-17.9182,71.35,81,75,17.27,broken clouds
75,Yeniseysk,RU,58.4497,92.1703,62.83,77,80,2.82,broken clouds
76,La Ronge,CA,55.1001,-105.2842,58.15,71,21,2.84,few clouds
77,Atambua,ID,-9.1061,124.8925,65.59,81,20,5.73,few clouds
78,Tiksi,RU,71.6872,128.8694,34.52,92,62,3.38,broken clouds
79,Lakes Entrance,AU,-37.8811,147.981,39.16,75,85,8.34,overcast clouds
80,Severo-Kurilsk,RU,50.6789,156.125,51.85,79,100,10.74,overcast clouds
81,Bredasdorp,ZA,-34.5322,20.0403,57.58,66,1,5.7,clear sky
82,Tuktoyaktuk,CA,69.4541,-133.0374,55.4,88,20,4.61,few clouds
83,Gamba,GA,-2.65,10.0,75.16,71,81,11.63,broken clouds
84,Petropavlovsk-Kamchatskiy,RU,53.0452,158.6483,54.37,95,100,0.85,light rain
85,Ribeira Grande,PT,38.5167,-28.7,72.0,64,75,12.66,broken clouds
86,Lorengau,PG,-2.0226,147.2712,81.84,79,53,8.75,broken clouds
87,Zlotow,PL,53.3635,17.0408,63.01,64,77,12.91,broken clouds
88,Esperance,AU,-33.8667,121.9,53.44,88,100,13.47,light rain
89,Madimba,TZ,-10.4,40.3333,75.94,70,21,13.24,few clouds
90,Norman Wells,CA,65.282,-126.8329,74.41,38,6,4.41,clear sky
91,Bin Qirdan,TN,33.1378,11.2197,96.57,25,0,12.39,clear sky
92,Merrill,US,45.1805,-89.6835,69.57,78,100,5.75,overcast clouds
93,Touros,BR,-5.1989,-35.4608,83.59,64,19,17.83,few clouds
94,Kaduy,RU,59.2,37.15,75.27,44,85,4.23,overcast clouds
95,Gizo,SB,-8.103,156.8419,81.57,78,100,9.28,overcast clouds
96,Avarua,CK,-21.2078,-159.775,69.85,64,75,4.61,broken clouds
97,Bengkulu,ID,-3.8004,102.2655,79.65,86,100,6.22,overcast clouds
98,Thompson,CA,55.7435,-97.8558,66.6,33,100,6.17,overcast clouds
99,Salta,AR,-24.7859,-65.4117,66.43,48,12,3.78,few clouds
100,Ouahigouya,BF,13.5828,-2.4216,97.93,29,37,6.02,scattered clouds
101,Grand Gaube,MU,-20.0064,57.6608,68.38,67,50,3.0,scattered clouds
102,Bambous Virieux,MU,-20.3428,57.7575,70.05,60,75,11.5,broken clouds
103,Sar-E Pul,AF,35.8333,66.1667,69.4,32,0,4.27,clear sky
104,Geraldton,AU,-28.7667,114.6,52.21,93,5,3.44,clear sky
105,Airai,TL,-8.9266,125.4092,52.48,90,44,1.77,scattered clouds
106,Honggang,CN,46.4667,124.8667,71.65,91,100,12.84,moderate rain
107,Zhigansk,RU,66.7697,123.3711,55.76,64,75,9.51,broken clouds
108,Mangan,IN,27.5167,88.5333,78.58,89,69,2.13,broken clouds
109,Bonthe,SL,7.5264,-12.505,82.11,70,77,10.0,broken clouds
110,Mudanjiang,CN,44.5833,129.6,68.22,91,98,3.49,overcast clouds
111,Korla,CN,41.7597,86.1469,85.05,16,18,11.65,few clouds
112,Umm Lajj,SA,25.0213,37.2685,91.8,41,2,11.99,clear sky
113,Lebu,CL,-37.6167,-73.65,48.27,72,100,16.06,overcast clouds
114,Mount Isa,AU,-20.7333,139.5,42.57,87,4,3.44,clear sky
115,Kattivakkam,IN,13.2167,80.3167,82.49,91,100,13.51,moderate rain
116,Parana,AR,-31.732,-60.5238,56.46,97,100,6.91,mist
117,Georgetown,MY,5.4112,100.3354,84.88,78,20,5.99,few clouds
118,Porto Novo,BJ,6.4965,2.6036,83.46,67,53,8.88,broken clouds
119,Butaritari,KI,3.0707,172.7902,82.27,75,100,22.86,light rain
120,Faanui,PF,-16.4833,-151.75,78.53,70,11,11.07,few clouds
121,Belmonte,BR,-15.8631,-38.8828,78.73,58,4,8.63,clear sky
122,Saint George,US,37.1041,-113.5841,84.43,23,0,10.36,clear sky
123,Srandakan,ID,-7.9386,110.2506,77.4,86,100,7.31,overcast clouds
124,Nanortalik,GL,60.1432,-45.2371,44.92,86,96,6.6,overcast clouds
125,Peleduy,RU,59.6289,112.7406,56.95,88,100,0.69,overcast clouds
126,Omboue,GA,-1.5746,9.2618,75.94,71,77,11.18,broken clouds
127,Hilo,US,19.7297,-155.09,71.26,97,83,1.99,broken clouds
128,Sambava,MG,-14.2667,50.1667,73.18,75,37,16.96,scattered clouds
129,Kavaratti,IN,10.5669,72.642,81.77,83,99,17.16,overcast clouds
130,Saint Anthony,US,45.0205,-93.218,74.14,81,100,9.22,overcast clouds
131,Rudbar,AF,30.15,62.6,102.11,13,37,2.44,scattered clouds
132,Kadyy,RU,57.787,43.1903,75.11,68,98,3.36,overcast clouds
133,Saint-Pierre,RE,-21.3393,55.4781,69.91,69,20,14.97,few clouds
134,Broome,US,42.2506,-75.833,74.62,73,75,6.91,broken clouds
135,Marawi,PH,7.9986,124.2928,70.32,92,100,2.64,overcast clouds
136,Morgan City,US,29.6994,-91.2068,87.03,74,20,2.48,few clouds
137,Yeppoon,AU,-23.1333,150.7333,47.98,76,0,5.55,clear sky
138,Carballo,ES,43.213,-8.691,81.75,63,0,15.39,clear sky
139,Huron,US,41.1501,-82.5499,73.78,94,95,10.36,light rain
140,Finnsnes,NO,69.2296,17.9811,56.75,77,100,12.3,light rain
141,Bratsk,RU,56.1325,101.6142,64.89,67,58,2.57,broken clouds
142,Hermanus,ZA,-34.4187,19.2345,60.8,66,4,6.22,clear sky
143,Hofn,IS,64.2539,-15.2082,55.42,76,40,10.36,scattered clouds
144,Atyashevo,RU,54.5644,46.0691,72.79,71,16,6.08,few clouds
145,Sibu,MY,2.3,111.8167,74.39,95,91,2.73,overcast clouds
146,Meadow Lake,US,34.8014,-106.5436,77.7,57,3,4.85,clear sky
147,Pozo Colorado,PY,-23.4923,-58.7972,86.63,25,83,13.69,broken clouds
148,Talaya,RU,61.3833,152.75,64.71,86,39,8.14,scattered clouds
149,Lagoa,PT,39.05,-27.9833,66.2,79,100,13.47,overcast clouds
150,Cayenne,GF,4.9333,-52.3333,86.04,66,75,5.75,broken clouds
151,Topchikha,RU,52.8192,83.1185,59.65,94,100,16.44,moderate rain
152,Hamilton,US,39.1834,-84.5333,87.89,78,40,12.66,scattered clouds
153,Carthage,TN,36.8611,10.3316,92.73,49,20,11.5,few clouds
154,Yangambi,CD,0.8102,24.4336,87.69,45,93,1.95,overcast clouds
155,Straumen,NO,63.8709,11.2999,59.0,80,92,1.99,light rain
156,Rio Gallegos,AR,-51.6226,-69.2181,32.5,86,100,7.92,overcast clouds
157,Pueblo Nuevo,MX,23.3833,-105.3833,66.02,70,78,1.34,broken clouds
158,Prince Rupert,CA,54.3161,-130.3201,55.49,100,100,0.0,mist
159,Mar Del Plata,AR,-38.0023,-57.5575,47.08,100,100,5.75,fog
160,Maceio,BR,-9.6658,-35.7353,80.04,78,75,13.8,broken clouds
161,Avera,US,33.194,-82.5271,87.85,52,48,6.46,scattered clouds
162,Arraial Do Cabo,BR,-22.9661,-42.0278,78.66,65,0,11.5,clear sky
163,Iqaluit,CA,63.7506,-68.5145,40.73,100,100,8.05,mist
164,Atuona,PF,-9.8,-139.0333,77.68,72,21,24.07,few clouds
165,Dikson,RU,73.5069,80.5464,33.49,91,54,9.8,broken clouds
166,Maningrida,AU,-12.0667,134.2667,61.61,80,12,9.91,few clouds
167,Gilgit,PK,35.9221,74.3087,86.2,52,97,9.35,overcast clouds
168,Cabo San Lucas,MX,22.8909,-109.9124,89.91,19,0,3.44,clear sky
169,Carnarvon,AU,-24.8667,113.6333,67.3,32,0,9.95,clear sky
170,Tres Lagoas,BR,-20.7511,-51.6783,83.1,29,82,10.94,broken clouds
171,Saint-Augustin,CA,51.226,-58.6502,64.42,44,100,6.93,overcast clouds
172,Lincoln,US,40.8,-96.667,75.9,94,75,1.01,broken clouds
173,Neiafu,TO,-18.65,-173.9833,75.88,78,40,6.91,scattered clouds
174,Ballina,AU,-28.8667,153.5667,56.01,88,25,11.74,scattered clouds
175,Son Tay,VN,21.1378,105.505,84.13,92,100,1.88,overcast clouds
176,Sangar,RU,63.9242,127.4739,56.55,86,100,3.8,overcast clouds
177,Codrington,AU,-38.2667,141.9667,47.3,84,60,8.75,broken clouds
178,Dingle,PH,10.9995,122.6711,73.11,96,100,4.54,overcast clouds
179,Sulangan,PH,11.1373,123.7228,81.55,80,94,12.93,moderate rain
180,Roald,NO,62.5833,6.1333,55.33,94,75,12.66,light intensity drizzle rain
181,Kununurra,AU,-15.7667,128.7333,51.78,71,21,0.0,few clouds
182,San Quintin,MX,30.4833,-115.95,67.73,78,79,10.54,broken clouds
183,Dongli,CN,23.5656,116.8194,77.07,95,100,1.81,overcast clouds
184,Hithadhoo,MV,-0.6,73.0833,82.85,76,100,11.27,overcast clouds
185,Ambanja,MG,-13.6833,48.45,73.06,75,6,2.3,clear sky
186,Kinablangan,PH,7.6947,126.5503,78.82,86,63,5.03,moderate rain
187,Rawson,AR,-43.3002,-65.1023,50.45,66,99,20.4,overcast clouds
188,Nome,US,64.5011,-165.4064,52.16,87,100,10.36,light rain
189,Montorio Al Vomano,IT,42.5831,13.6383,90.43,33,22,8.5,few clouds
190,Victor Harbor,AU,-35.5667,138.6167,52.0,91,28,7.65,scattered clouds
191,Teeli,RU,51.0333,90.2333,59.22,54,79,2.84,light rain
192,Kruisfontein,ZA,-34.0033,24.7314,62.89,64,0,5.53,clear sky
193,Kidal,ML,18.4411,1.4078,104.22,15,28,3.6,scattered clouds
194,Victoria,HK,22.2855,114.1577,84.25,91,100,1.01,light rain
195,Smidovich,RU,48.6,133.8167,72.77,92,0,5.06,clear sky
196,Rocha,UY,-34.4833,-54.3333,60.55,73,100,14.25,overcast clouds
197,Qandala,SO,11.472,49.8728,93.33,43,9,3.33,clear sky
198,Erzin,TR,36.9559,36.2,81.34,70,0,11.03,clear sky
199,Pyu,MM,18.4833,96.4333,77.23,95,100,3.36,light rain
200,Antalaha,MG,-14.9003,50.2788,70.23,82,8,11.32,light rain
201,Jiangyou,CN,31.7667,104.7167,82.54,61,0,2.01,clear sky
202,Dudinka,RU,69.4058,86.1778,53.17,84,100,8.52,overcast clouds
203,Kahului,US,20.8947,-156.47,75.85,76,0,10.36,clear sky
204,Chuy,UY,-33.6971,-53.4616,57.96,91,100,10.87,overcast clouds
205,Longyearbyen,SJ,78.2186,15.6401,44.44,61,75,14.97,broken clouds
206,Viamao,BR,-30.0811,-51.0233,63.36,88,75,6.91,broken clouds
207,Djibo,BF,14.1022,-1.6306,97.57,30,69,7.11,broken clouds
208,Srednekolymsk,RU,67.45,153.6833,47.84,90,100,11.12,moderate rain
209,Pisco,PE,-13.7,-76.2167,62.65,72,20,6.91,haze
210,Payo,ID,-3.7508,103.6372,73.44,98,91,2.89,light rain
211,Crixas,BR,-14.5489,-49.9692,88.32,21,1,8.46,clear sky
212,Ugoofaaru,MV,5.6667,73.0,82.98,81,100,15.17,light rain
213,Provideniya,RU,64.3833,-173.3,47.19,91,100,2.53,overcast clouds
214,Stornoway,GB,58.2093,-6.3865,57.16,87,75,19.57,broken clouds
215,Tasiilaq,GL,65.6145,-37.6368,46.56,84,100,6.55,overcast clouds
216,Mahibadhoo,MV,3.7833,72.9667,82.74,77,99,10.02,overcast clouds
217,Kirakira,SB,-10.4544,161.9205,79.02,82,100,9.1,moderate rain
218,Vao,NC,-22.6667,167.4833,75.49,76,100,12.26,overcast clouds
219,Ancud,CL,-41.8697,-73.8203,42.22,80,54,21.39,light rain
220,Te Anau,NZ,-45.4167,167.7167,32.61,96,38,1.21,scattered clouds
221,Estelle,US,29.8458,-90.1067,88.0,73,75,4.61,broken clouds
222,Kodiak,US,57.79,-152.4072,53.11,87,100,0.0,mist
223,Tahta,EG,26.7693,31.5021,101.98,14,0,14.43,clear sky
224,Vanimo,PG,-2.6741,141.3028,77.56,87,100,1.97,overcast clouds
225,Langsa,ID,4.4683,97.9683,75.96,97,62,2.24,broken clouds
226,Pangai,TO,-19.8,-174.35,75.54,73,38,21.21,light rain
227,Mezen,RU,65.8522,44.24,73.06,56,15,6.17,few clouds
228,Staryy Nadym,RU,65.6118,72.6842,66.43,61,90,7.67,overcast clouds
229,Kabinda,CD,-6.1333,24.4833,89.29,18,10,6.17,clear sky
230,Port Elizabeth,ZA,-33.918,25.5701,65.1,80,30,1.99,scattered clouds
231,Yulara,AU,-25.2406,130.9889,46.38,26,0,7.72,clear sky
232,Maloy,NO,61.9353,5.1136,55.13,84,100,16.22,light rain
233,Dodola,ET,6.9833,39.1833,59.22,83,86,6.98,moderate rain
234,Chala,TZ,-7.5833,31.2667,69.48,34,11,3.15,few clouds
235,Namibe,AO,-15.1961,12.1522,70.23,70,7,9.98,clear sky
236,Garmsar,IR,35.2182,52.3409,93.4,17,0,15.75,clear sky
237,Timmins,CA,48.4669,-81.3331,60.62,55,11,5.19,few clouds
238,Greenville,US,35.6127,-77.3663,88.14,65,0,8.05,clear sky
239,Torbay,CA,47.6666,-52.7314,74.88,48,100,14.88,overcast clouds
240,Praya,CV,14.9215,-23.5087,84.74,61,40,16.11,scattered clouds
241,Henties Bay,NA,-22.116,14.2845,61.02,70,0,13.94,clear sky
242,Alofi,NU,-19.0595,-169.9187,74.68,73,96,18.95,overcast clouds
243,Lebedinyy,RU,58.5167,125.5167,64.49,95,100,3.29,overcast clouds
244,Cuamba,MZ,-14.8031,36.5372,75.61,34,19,1.01,few clouds
245,Murgab,TM,37.4966,61.9714,88.11,16,0,9.89,clear sky
246,Kwinana,AU,-32.25,115.7667,54.23,80,0,14.67,clear sky
247,Ashqelon,IL,31.6693,34.5715,87.78,59,0,10.94,clear sky
248,Suntar,RU,62.1444,117.6319,58.46,93,100,3.4,overcast clouds
249,Balkanabat,TM,39.5108,54.3671,87.12,18,0,16.6,clear sky
250,Maragogi,BR,-9.0122,-35.2225,78.82,80,19,11.5,few clouds
251,Kangaatsiaq,GL,68.3065,-53.4641,40.26,91,100,8.21,overcast clouds
252,Zelenets,RU,61.8849,50.7489,77.41,50,25,6.51,scattered clouds
253,Kaitangata,NZ,-46.2817,169.8464,43.3,82,86,6.35,overcast clouds
254,Mersing,MY,2.4312,103.8405,78.39,84,100,3.42,overcast clouds
255,Noumea,NC,-22.2763,166.4572,75.0,99,100,3.89,overcast clouds
256,Cockburn Town,TC,21.4612,-71.1419,81.14,75,8,15.32,clear sky
257,Batagay-Alyta,RU,67.8006,130.4114,48.96,85,100,1.59,overcast clouds
258,Alta Floresta,BR,-9.8756,-56.0861,89.33,30,5,5.3,clear sky
259,Mnogovershinnyy,RU,53.9353,139.9242,71.2,71,91,5.14,overcast clouds
260,Lata,PT,40.1629,-8.3327,86.07,52,0,10.13,clear sky
261,Galveston,US,29.3669,-94.9669,91.06,83,20,9.22,few clouds
262,Areka,ET,7.0667,37.7,68.0,76,92,3.83,light rain
263,Kiama,AU,-34.6833,150.8667,58.37,94,100,1.99,light rain
264,Zhezkazgan,KZ,47.8043,67.7144,60.78,82,40,4.47,scattered clouds
265,Yanam,IN,16.7333,82.2167,79.23,86,100,5.97,overcast clouds
266,Vila Velha,BR,-20.3297,-40.2925,80.55,56,20,10.36,few clouds
267,Khani,GE,41.9563,42.9566,71.17,54,0,4.07,clear sky
268,Talnakh,RU,69.4865,88.3972,53.8,87,100,2.3,overcast clouds
269,San Cristobal,VE,7.7669,-72.225,77.18,58,45,7.72,scattered clouds
270,Kendari,ID,-3.945,122.4989,73.98,94,55,2.46,broken clouds
271,Monrovia,LR,6.3005,-10.7969,85.77,74,72,8.59,broken clouds
272,Beringovskiy,RU,63.05,179.3167,45.52,91,99,2.84,overcast clouds
273,Tarancon,ES,40.0085,-3.0073,91.22,18,3,11.48,clear sky
274,Salalah,OM,17.0151,54.0924,78.89,94,100,5.75,light intensity drizzle
275,Castro,BR,-24.7911,-50.0119,69.46,42,100,6.69,overcast clouds
276,Teahupoo,PF,-17.8333,-149.2667,67.96,78,25,13.29,light rain
277,Wanning,CN,18.8003,110.3967,81.82,90,100,4.79,overcast clouds
278,Najran,SA,17.4924,44.1277,93.97,13,100,9.62,overcast clouds
279,Isangel,VU,-19.55,169.2667,74.55,89,94,7.36,overcast clouds
280,Ketchikan,US,55.3422,-131.6461,57.67,88,100,0.0,overcast clouds
281,Port Lincoln,AU,-34.7333,135.8667,55.13,66,84,10.94,broken clouds
282,Caravelas,BR,-17.7125,-39.2481,76.46,68,48,7.25,scattered clouds
283,San Lawrenz,MT,36.0553,14.204,96.21,70,0,4.81,clear sky
284,Kargasok,RU,59.0556,80.8572,63.82,66,34,8.59,scattered clouds
285,Talcahuano,CL,-36.7167,-73.1167,47.88,81,40,2.3,light rain
286,Kuala Terengganu,MY,5.3302,103.1408,80.55,82,100,4.54,overcast clouds
287,La Pila,MX,22.05,-100.8667,64.08,50,0,2.98,clear sky
288,Kissidougou,GN,9.1848,-10.0999,80.26,71,81,4.34,broken clouds
289,Tomatlan,MX,19.9333,-105.25,84.49,60,38,1.97,scattered clouds
290,Verkhoyansk,RU,67.5447,133.385,49.6,87,100,2.91,overcast clouds
291,Luba,GQ,3.4568,8.5547,77.25,90,80,7.34,light rain
292,Hoopstad,ZA,-27.8327,25.9083,59.31,24,0,5.17,clear sky
293,Ponta Do Sol,PT,32.6667,-17.1,79.0,63,0,2.28,clear sky
294,Ust-Kuyga,RU,70.0167,135.6,50.79,58,97,5.75,overcast clouds
295,Kondol,RU,52.8189,45.058,73.87,53,11,3.18,few clouds
296,Prado,BR,-17.3411,-39.2208,73.89,80,78,8.52,broken clouds
297,Tshikapa,CD,-6.4167,20.8,95.59,16,62,1.48,broken clouds
298,Basco,PH,20.4487,121.9702,84.2,79,29,13.71,scattered clouds
299,Zarand,IR,30.8127,56.564,87.37,18,2,12.55,clear sky
300,Itarema,BR,-2.9248,-39.9167,84.81,60,40,16.69,scattered clouds
301,Talakan,RU,50.3167,130.3667,74.03,83,71,7.63,broken clouds
302,Nuevo Progreso,MX,23.1667,-97.95,86.9,64,40,3.0,scattered clouds
303,High Level,CA,58.5169,-117.136,57.72,77,99,2.21,overcast clouds
304,Norden,DE,53.6,7.2,66.18,67,100,18.34,light rain
305,Callaway,US,30.153,-85.5699,88.99,73,40,5.75,scattered clouds
306,Flin Flon,CA,54.7682,-101.865,55.53,80,100,5.01,overcast clouds
307,San Patricio,US,28.017,-97.5169,91.29,59,100,11.25,overcast clouds
308,Sao Joaquim,BR,-28.2939,-49.9317,66.16,54,100,4.76,overcast clouds
309,Pahrump,US,36.2083,-115.9839,86.25,31,0,5.99,clear sky
310,Tukrah,LY,32.5341,20.5791,85.59,59,0,11.23,clear sky
311,Quatre Cocos,MU,-20.2078,57.7625,68.09,62,81,14.83,broken clouds
312,Ayolas,PY,-27.4,-56.9,75.0,54,100,13.31,overcast clouds
313,Masagua,GT,14.2031,-90.8481,81.82,76,96,1.57,overcast clouds
314,Marquette,US,46.5333,-87.6335,62.78,79,85,7.16,overcast clouds
315,Katsuura,JP,35.1333,140.3,72.64,89,99,19.44,overcast clouds
316,Rio Grande,BR,-32.035,-52.0986,57.31,92,100,13.29,moderate rain
317,Milkovo,RU,54.7167,158.6167,58.21,92,100,1.25,overcast clouds
318,Homer,US,59.6425,-151.5483,57.09,85,75,3.0,broken clouds
319,Constitucion,CL,-35.3333,-72.4167,51.01,74,100,12.84,overcast clouds
320,Karasburg,NA,-28.0167,18.75,67.46,14,0,4.12,clear sky
321,Fort Nelson,CA,58.8053,-122.7002,64.18,58,17,4.76,few clouds
322,Iwaki,JP,37.05,140.8833,75.78,96,100,1.99,overcast clouds
323,Lima,PE,-12.0432,-77.0282,61.9,86,100,4.61,overcast clouds
324,Okha,RU,53.5739,142.9478,63.0,81,11,10.96,few clouds
325,Vostok,RU,46.4856,135.8833,65.01,94,13,4.32,few clouds
326,Fujisawa,JP,35.3419,139.47,76.98,78,97,16.08,moderate rain
327,Awbari,LY,26.5921,12.7805,98.56,12,0,15.52,clear sky
328,Port Blair,IN,11.6667,92.75,82.26,79,100,11.92,light rain
329,Ingham,US,42.6,-84.3833,71.22,94,100,8.05,overcast clouds
330,Novikovo,RU,51.1537,37.8879,83.89,49,12,5.08,few clouds
331,Pangoa,PE,-12.1167,-73.0,83.17,48,76,2.21,broken clouds
332,Manjacaze,MZ,-24.7117,33.8828,68.13,64,0,4.9,clear sky
333,Hasaki,JP,35.7333,140.8333,73.8,91,99,17.38,overcast clouds
334,Sao Jose Da Coroa Grande,BR,-8.8978,-35.1478,79.45,77,24,11.5,few clouds
335,Anloga,GH,5.7947,0.8973,79.77,78,60,10.36,broken clouds
336,Walvis Bay,NA,-22.9575,14.5053,60.1,56,0,19.17,clear sky
337,Berdigestyakh,RU,62.0989,126.6992,59.36,86,100,3.38,overcast clouds
338,Pevek,RU,69.7008,170.3133,32.14,97,100,7.9,overcast clouds
339,Maunabo,PR,18.0072,-65.8993,87.64,80,16,10.89,few clouds
340,Manzhouli,CN,49.6,117.4333,60.58,74,63,5.17,broken clouds
341,Marang,MY,5.2056,103.2059,80.29,83,100,4.16,overcast clouds
342,Wicklow,IE,53.0,-6.4167,63.05,79,94,14.9,overcast clouds
343,Ngaoundere,CM,7.3167,13.5833,71.76,77,86,2.13,overcast clouds
344,Susuman,RU,62.7833,148.1667,72.86,62,34,9.35,scattered clouds
345,Kayerkan,RU,69.3497,87.7602,52.12,89,100,4.12,overcast clouds
346,Bowen,AU,-20.0167,148.2333,57.76,72,0,6.55,clear sky
347,Mainaguri,IN,26.5667,88.8167,83.32,77,6,4.76,clear sky
348,Kenai,US,60.5544,-151.2583,56.14,88,100,5.75,overcast clouds
349,Pyaozerskiy,RU,65.8333,31.1667,69.19,37,66,10.4,broken clouds
350,Aconibe,GQ,1.2968,10.9369,78.73,68,79,2.17,light rain
351,Zhireken,RU,52.8249,117.3076,52.21,98,76,3.8,broken clouds
352,Tsabong,BW,-26.0217,22.401,66.11,18,0,4.61,clear sky
353,Xining,CN,36.6167,101.7667,67.05,38,21,1.63,few clouds
354,Kanniyakumari,IN,8.0833,77.5667,81.64,70,100,17.52,overcast clouds
355,Castelfranco Emilia,IT,44.5958,11.052,90.75,39,20,11.5,light rain
356,Maldonado,UY,-34.6667,-54.9167,57.22,74,100,14.88,overcast clouds
357,Severnyy,RU,50.677,36.5532,87.84,29,0,6.71,clear sky
358,Praia,CV,14.9215,-23.5087,84.74,61,40,16.11,scattered clouds
359,Ondjiva,AO,-17.0667,15.7333,83.07,18,2,7.23,clear sky
360,Grindavik,IS,63.8424,-22.4338,55.87,88,75,14.97,broken clouds
361,Muros,ES,42.7762,-9.0603,82.83,48,0,15.77,clear sky
362,Hambantota,LK,6.1241,81.1185,82.2,72,100,19.28,overcast clouds
363,Tabou,CI,4.423,-7.3528,81.48,71,82,9.04,broken clouds
364,Narsaq,GL,60.9167,-46.05,57.42,78,100,5.06,overcast clouds
365,Leh,IN,34.1667,77.5833,69.08,45,100,9.04,overcast clouds
366,Tulum,MX,20.2167,-87.4667,86.18,63,96,6.44,overcast clouds
367,Aykhal,RU,66.0,111.5,56.05,77,84,6.49,light rain
368,Half Moon Bay,US,37.4636,-122.4286,66.6,85,100,6.91,overcast clouds
369,Gurupi,BR,-11.7292,-49.0686,89.42,23,1,10.8,clear sky
370,Hualmay,PE,-11.0964,-77.6139,63.57,77,52,6.51,broken clouds
371,Fairbanks,US,64.8378,-147.7164,63.82,87,75,3.44,smoke
372,Souillac,MU,-20.5167,57.5167,70.18,64,75,10.36,broken clouds
373,Susanville,US,40.4163,-120.653,65.12,63,0,3.0,clear sky
374,Verkh-Suetka,RU,53.3,80.05,62.06,86,100,14.52,light rain
375,Ndola,ZM,-12.9587,28.6366,72.1,35,59,5.37,broken clouds
376,Loiza,PR,18.4313,-65.8802,87.8,78,40,12.66,scattered clouds
377,Antofagasta,CL,-23.65,-70.4,67.21,55,76,8.48,broken clouds
378,Totma,RU,59.9747,42.7642,78.37,51,93,5.19,overcast clouds
379,Launceston,AU,-41.45,147.1667,50.14,92,75,8.05,broken clouds
380,Chinchani,IN,19.8667,72.7,81.14,86,100,17.0,overcast clouds
381,Laguna,US,38.421,-121.4238,67.32,71,0,11.5,clear sky
382,Diamantino,BR,-14.4086,-56.4461,87.35,22,37,9.37,scattered clouds
383,Mabaruma,GY,8.2,-59.7833,82.63,75,50,5.35,scattered clouds
384,Pangody,RU,65.85,74.4859,65.17,60,81,10.29,broken clouds
385,Olafsvik,IS,64.8945,-23.7142,53.78,71,94,3.27,overcast clouds
386,Chumikan,RU,54.7183,135.315,64.2,84,31,2.13,scattered clouds
387,Kompaniyivka,UA,48.2511,32.208,92.66,21,31,5.57,scattered clouds
388,Tual,ID,-5.6667,132.75,78.44,77,100,17.34,overcast clouds
389,Saryagash,KZ,41.4511,69.1701,84.16,17,4,5.93,clear sky
390,Andenes,NO,69.3143,16.1194,56.93,76,75,13.8,broken clouds
391,College,US,64.8569,-147.8028,64.8,86,75,3.44,smoke
392,Svetlogorsk,BY,52.6333,29.7333,79.77,58,100,9.01,overcast clouds
393,Meshcherino,RU,55.1957,38.36,77.45,66,100,3.98,light rain
394,West Wendover,US,40.7391,-114.0733,81.61,17,0,17.27,clear sky
395,Port-Gentil,GA,-0.7193,8.7815,78.76,69,20,12.66,few clouds
396,Aktash,RU,50.3,87.7333,40.51,84,53,4.54,broken clouds
397,Beloha,MG,-25.1667,45.05,71.37,59,0,8.99,clear sky
398,North Myrtle Beach,US,33.816,-78.68,91.35,77,20,10.36,few clouds
399,Yagodnoye,RU,62.55,149.6667,68.05,76,60,3.62,broken clouds
400,Tiznit,MA,29.5833,-9.5,90.34,29,0,10.42,clear sky
401,Aksu,CN,41.1231,80.2644,88.23,22,36,7.74,scattered clouds
402,Seoul,KR,37.5683,126.9778,83.64,85,94,3.49,light rain
403,Maniitsoq,GL,65.4167,-52.9,40.42,97,100,8.37,light rain
404,Puerto Escondido,MX,15.85,-97.0667,85.03,79,40,11.5,scattered clouds
405,Turukhansk,RU,65.8167,87.9833,56.5,74,100,4.52,overcast clouds
406,Duma,CN,34.7653,108.135,77.25,32,0,4.41,clear sky
407,Uruguaiana,BR,-29.7547,-57.0883,73.33,73,0,8.05,clear sky
408,Tura,IN,25.5198,90.2201,75.69,91,80,3.27,moderate rain
409,San Juan,AR,-31.5375,-68.5364,72.01,5,0,12.86,clear sky
410,Zell Am See,AT,47.3256,12.7944,73.99,48,43,5.86,scattered clouds
411,Puerto Baquerizo Moreno,EC,-0.9,-89.6,72.59,78,75,9.22,broken clouds
412,Along,IN,28.1667,94.7667,77.49,98,10,0.25,clear sky
413,Rochester,US,43.1548,-77.6156,70.72,86,100,12.66,overcast clouds
414,Beira,MZ,-19.8436,34.8389,69.28,72,0,6.49,clear sky
415,Kontagora,NG,10.3999,5.4695,87.49,53,100,3.62,overcast clouds
416,Inta,RU,66.0317,60.1659,74.03,46,0,4.9,clear sky
417,Hurghada,EG,27.2574,33.8129,92.95,26,0,16.6,clear sky
418,Nokaneng,BW,-19.6667,22.2667,79.63,20,5,8.25,clear sky
419,Mandiana,GN,10.6333,-8.6833,89.58,48,96,0.85,overcast clouds
420,Aripuana,BR,-9.1667,-60.6333,89.73,28,0,3.53,clear sky
421,Mount Gambier,AU,-37.8333,140.7667,47.46,82,32,5.32,scattered clouds
422,Filadelfia,US,39.9523,-75.1638,90.01,64,75,10.36,broken clouds
423,Sao Filipe,CV,14.8961,-24.4956,76.84,83,50,10.87,scattered clouds
424,Belgrade,RS,44.804,20.4651,81.84,52,0,13.8,clear sky
425,Ilulissat,GL,69.2167,-51.1,51.82,66,75,5.75,broken clouds
426,Merauke,ID,-8.4667,140.3333,76.89,88,99,10.22,overcast clouds
427,Belyy Yar,RU,53.6039,91.3903,67.89,60,0,6.71,clear sky
428,Pimentel,PE,-6.8367,-79.9342,64.69,77,100,11.5,overcast clouds
429,Azul,AR,-36.777,-59.8585,47.34,79,97,11.83,overcast clouds
430,Talara,PE,-4.5772,-81.2719,68.76,73,0,14.97,clear sky
431,Wilmington,US,34.2257,-77.9447,89.51,67,0,6.91,clear sky
432,Takoradi,GH,4.8845,-1.7554,79.38,80,85,10.92,light rain
433,Sao Jose Do Belmonte,BR,-7.8614,-38.7597,76.82,57,100,11.77,overcast clouds
434,Eyl,SO,7.9803,49.8164,85.87,52,24,30.2,few clouds
435,Sobolevo,RU,54.4299,31.8996,75.49,80,100,7.2,light rain
436,Valparaiso,CL,-33.0393,-71.6273,50.47,83,100,4.61,mist
437,Sisimiut,GL,66.9395,-53.6735,43.3,91,76,6.91,broken clouds
438,Juba,SS,4.8517,31.5825,88.5,42,71,4.59,broken clouds
439,Santa Cruz,BO,-17.8,-63.1667,85.46,58,75,21.85,broken clouds
440,Conde,BR,-7.2597,-34.9075,81.86,69,75,16.11,broken clouds
441,Krechevitsy,RU,58.617,31.401,68.13,61,100,9.46,light rain
442,Batemans Bay,AU,-35.7167,150.1833,54.28,82,100,6.82,overcast clouds
443,Kavieng,PG,-2.5744,150.7967,81.12,80,79,11.61,light rain
444,Papillion,US,41.1544,-96.0422,75.43,94,100,1.01,overcast clouds
445,Carauari,BR,-4.8828,-66.8958,87.46,56,90,3.71,overcast clouds
446,Awjilah,LY,29.1081,21.2869,99.55,16,0,16.98,clear sky
447,Kinsale,IE,51.7075,-8.5306,69.24,72,75,21.85,broken clouds
448,Camacha,PT,33.0833,-16.3333,69.22,60,75,12.66,broken clouds
449,Broken Hill,AU,-31.95,141.4333,44.6,70,0,9.31,clear sky
450,Agadez,NE,19.75,10.25,101.34,9,0,8.1,clear sky
451,Lethem,GY,3.3803,-59.7968,86.29,61,19,5.7,few clouds
452,Bathsheba,BB,13.2167,-59.5167,84.81,82,40,17.27,scattered clouds
453,Kumla,SE,59.1277,15.1434,70.68,37,0,13.8,clear sky
454,Ardakan,IR,32.31,54.0175,94.28,14,0,21.47,clear sky
455,Jurm,AF,36.8648,70.8342,75.54,41,1,3.91,clear sky
456,Padang,ID,-0.9492,100.3543,79.29,86,48,3.71,light rain
457,Boca Raton,US,26.3587,-80.0831,92.05,70,75,12.66,broken clouds
458,Krasnoselkup,RU,65.7,82.4667,60.98,73,86,5.93,overcast clouds
459,Charyshskoye,RU,51.3978,83.5598,55.58,94,93,6.38,overcast clouds
460,Oranjemund,NA,-28.55,16.4333,58.96,59,0,13.38,clear sky
461,Ust-Maya,RU,60.4167,134.5333,73.65,72,5,2.75,light rain
462,Mzimba,MW,-11.9,33.6,65.23,54,34,10.13,scattered clouds
463,Banda Aceh,ID,5.5577,95.3222,80.78,78,58,6.67,broken clouds
464,Sistranda,NO,63.7256,8.834,53.56,93,100,5.95,light rain
465,Fortuna,US,40.5982,-124.1573,59.94,91,82,1.01,broken clouds
466,Dayong,CN,25.0209,118.2898,76.78,94,100,1.79,overcast clouds
467,Port Hedland,AU,-20.3167,118.5667,51.85,54,6,8.05,clear sky
468,Honiara,SB,-9.4333,159.95,75.78,76,91,4.47,overcast clouds
469,Jalu,LY,29.0331,21.5482,99.46,16,0,16.46,clear sky
470,Hohhot,CN,40.8106,111.6522,70.09,73,0,6.71,clear sky
471,Corralillo,CU,22.9819,-80.5856,85.01,67,83,11.03,broken clouds
472,Aklavik,CA,68.2191,-135.0107,66.2,94,75,2.3,smoke
473,Mahebourg,MU,-20.4081,57.7,70.09,64,75,10.36,broken clouds
474,Taltal,CL,-25.4,-70.4833,62.28,62,99,2.66,overcast clouds
475,Sumenep,ID,-7.0167,113.8667,79.38,79,100,2.51,overcast clouds
476,Lianzhou,CN,24.7811,112.3825,75.58,99,100,2.1,heavy intensity rain
477,Yumen,CN,40.2833,97.2,76.84,24,100,12.35,overcast clouds
478,Lisala,CD,2.15,21.5167,89.94,44,69,2.21,broken clouds
479,Paamiut,GL,61.994,-49.6678,42.8,96,100,5.03,light rain
480,Bahia Blanca,AR,-38.7196,-62.2724,55.99,58,100,15.08,overcast clouds
481,Gibara,CU,21.1097,-76.1317,87.12,65,7,15.35,clear sky
482,Ambon,ID,-3.6954,128.1814,79.23,14,20,6.91,light rain
483,Biak,ID,-0.9131,122.8766,75.92,87,100,4.63,light rain
484,Nipawin,CA,53.3668,-104.0009,57.24,100,100,9.22,mist
485,Ust-Nera,RU,64.5667,143.2,71.67,69,100,8.37,light rain
486,Arman,RU,59.7,150.1667,52.21,95,22,4.54,few clouds
487,Kenora,CA,49.8167,-94.4337,69.94,53,9,6.98,clear sky
488,Liwale,TZ,-9.7667,37.9333,77.7,37,38,3.09,scattered clouds
489,Havelock,US,34.8791,-76.9013,88.05,75,0,12.66,clear sky
490,Loandjili,CG,-4.7561,11.8578,74.8,71,60,9.98,broken clouds
491,Kapiri Mposhi,ZM,-13.9652,28.6809,71.92,34,23,6.85,few clouds
492,Raudeberg,NO,61.9875,5.1352,54.27,83,100,15.68,light rain
493,Srivardhan,IN,18.0333,73.0167,80.87,83,96,16.08,overcast clouds
494,Makakilo City,US,21.3469,-158.0858,73.72,71,100,12.66,overcast clouds
495,Teya,RU,60.3778,92.6267,57.27,85,92,2.73,light rain
496,Ozernovskiy,RU,51.5,156.5167,51.53,87,100,3.89,overcast clouds
497,Lerdo,MX,25.5333,-103.5333,82.27,39,75,11.5,broken clouds
498,Lakselv,NO,70.0513,24.9718,60.62,63,40,9.22,scattered clouds
499,Mbanza-Ngungu,CD,-5.25,14.8667,89.76,22,75,1.5,broken clouds
500,Encantado,BR,-29.2361,-51.8697,75.61,62,100,4.7,overcast clouds
501,Oxelosund,SE,58.6706,17.1015,71.98,35,0,12.66,clear sky
502,Dalian,CN,38.9122,121.6022,75.13,94,100,13.42,light intensity shower rain
503,Houma,US,29.5958,-90.7195,89.01,79,75,0.0,broken clouds
504,Troitskoye,RU,52.9821,84.6757,58.71,98,100,15.1,heavy intensity rain
505,Petropavlovka,RU,50.6114,105.3196,59.41,78,100,3.04,overcast clouds
506,Lukovetskiy,RU,64.2956,41.9211,77.22,33,80,9.04,broken clouds
507,Detva,SK,48.5608,19.4195,74.79,39,57,11.7,broken clouds
508,Jiaocheng,CN,24.6774,116.1389,74.08,98,100,1.77,overcast clouds
509,Hirado,JP,33.3597,129.5531,79.39,89,100,7.4,overcast clouds
510,Mudgee,AU,-32.5943,149.5871,51.62,96,98,3.94,overcast clouds
511,Gemena,CD,3.25,19.7667,88.45,43,50,2.98,scattered clouds
512,Lagos,NG,6.5833,3.75,84.72,65,48,6.8,light rain
513,Agdam,AZ,39.991,46.9274,82.35,31,26,17.4,scattered clouds
514,Truckee,US,39.328,-120.1833,64.87,70,0,3.0,clear sky
515,Thinadhoo,MV,0.5333,72.9333,83.3,74,100,9.66,overcast clouds
516,Comodoro Rivadavia,AR,-45.8667,-67.5,40.86,60,0,5.75,clear sky
517,Dinghai,CN,26.2847,119.7936,79.72,89,6,13.35,clear sky
518,Sakakah,SA,29.9697,40.2064,98.17,11,0,16.35,clear sky
519,Dunedin,NZ,-45.8742,170.5036,44.8,75,54,8.01,broken clouds
520,Shache,CN,38.4167,77.2406,94.77,13,18,8.72,few clouds
521,Saint-Esteve,FR,42.7131,2.843,90.55,34,0,19.57,clear sky
522,Almenara,BR,-16.1836,-40.6944,76.48,57,97,4.97,overcast clouds
523,Kamaishi,JP,39.2667,141.8833,68.02,93,51,7.09,broken clouds
524,Indramayu,ID,-6.3264,108.32,80.47,77,4,4.14,moderate rain
525,Promyshlennyy,RU,67.5833,63.9167,62.87,69,100,4.0,overcast clouds
526,Dongfeng,CN,42.6403,125.5118,70.05,99,100,5.82,heavy intensity rain
527,Whitehorse,CA,60.7161,-135.0538,57.97,72,75,2.3,broken clouds
528,Duki,PK,30.1541,68.5728,84.47,61,97,3.36,heavy intensity rain
529,Buraydah,SA,26.326,43.975,100.85,9,35,14.63,scattered clouds
530,Lady Frere,ZA,-31.7031,27.2329,58.44,49,0,1.79,clear sky
531,Khabary,RU,53.6259,79.5345,62.65,90,100,13.78,light rain
532,Westport,US,41.1415,-73.3579,86.16,54,20,8.05,few clouds
533,Joshimath,IN,30.5667,79.5667,74.14,92,89,0.51,overcast clouds
534,Hokitika,NZ,-42.7167,170.9667,44.94,81,100,7.38,overcast clouds
535,Palauig,PH,15.435,119.9045,80.4,80,96,5.82,overcast clouds
536,Palmer,US,42.1584,-72.3287,82.06,63,75,12.66,broken clouds
537,Urumqi,CN,43.801,87.6005,70.75,49,0,2.24,clear sky
538,Mareeba,AU,-17.0,145.4333,57.92,95,27,1.95,scattered clouds
539,Pervoye Maya,RU,56.164,44.7196,71.51,78,77,3.15,broken clouds
540,Sweetwater,US,25.7634,-80.3731,91.02,75,75,13.0,light rain
541,Concepcion Del Oro,MX,24.6333,-101.4167,66.42,55,4,2.39,clear sky
542,Moroni,KM,-11.7022,43.2551,76.51,73,25,5.23,scattered clouds
543,Portneuf,CA,46.6906,-71.8901,71.67,56,66,5.75,broken clouds
544,Constantine,DZ,36.365,6.6147,96.21,31,40,11.5,scattered clouds
545,Anage,BR,-14.6122,-41.1356,71.98,71,95,9.01,overcast clouds
546,Eureka,US,40.8021,-124.1637,63.68,80,98,3.0,overcast clouds
547,Sungaipenuh,ID,-2.0833,101.3833,67.19,95,94,2.77,overcast clouds
548,Tynda,RU,55.1667,124.7167,69.17,88,100,5.46,light rain
549,Kyshtovka,RU,56.555,76.6271,64.35,90,90,7.27,light rain
550,Qunduz,AF,36.729,68.857,88.72,17,1,7.65,clear sky
551,Banepa,NP,27.6298,85.5214,73.72,88,75,2.3,broken clouds
552,Puerto Carreno,CO,6.189,-67.4859,84.18,74,20,5.75,few clouds
553,Soe,ID,-9.8607,124.284,56.84,88,21,3.51,few clouds
554,Litovko,RU,49.2361,135.1742,72.34,92,3,2.71,clear sky
555,San Policarpo,PH,12.1791,125.5072,80.08,80,37,2.33,scattered clouds
556,Porto Da Folha,BR,-9.9172,-37.2783,78.13,82,65,15.93,broken clouds
557,Mulanje,MW,-16.0316,35.5,67.32,72,100,5.06,overcast clouds
558,San Pedro,PH,14.35,121.0167,81.63,88,75,2.3,broken clouds
559,Vardo,NO,70.3705,31.1107,49.98,87,100,18.41,overcast clouds
560,Kuytun,RU,54.3419,101.5036,56.55,91,98,15.17,light rain
561,Powell River,CA,49.8496,-124.5361,62.24,88,100,6.91,overcast clouds
562,Ati,TD,13.2154,18.3353,100.58,23,39,9.28,scattered clouds
563,Chlorakas,CY,34.8042,32.4083,88.56,74,20,12.66,few clouds
564,Santa Maria,BR,-29.6842,-53.8069,72.7,64,0,4.61,clear sky
565,Tazovskiy,RU,67.4667,78.7,55.09,68,74,9.19,broken clouds
566,Samarai,PG,-10.6167,150.6667,81.23,82,17,9.82,few clouds
567,Hovd,MN,48.0056,91.6419,65.14,29,1,11.03,clear sky
568,Sokoto,NG,13.0609,5.239,97.86,28,18,4.29,few clouds
569,Nakhon Sawan,TH,15.7,100.0833,86.02,68,100,2.64,light rain
570,Porto Velho,BR,-8.7619,-63.9039,86.05,62,40,6.91,scattered clouds
571,Olsztyn,PL,53.7799,20.4942,67.96,54,69,10.45,light rain
572,Tulu Bolo,ET,8.6667,38.2167,65.89,70,77,8.25,light rain
573,Christchurch,NZ,-43.5333,172.6333,32.2,100,51,3.44,mist
574,Yar-Sale,RU,66.8333,70.8333,63.81,65,99,6.89,overcast clouds
575,Calceta,EC,-0.85,-80.1667,78.64,72,69,0.47,broken clouds
576,Siniscola,IT,40.5719,9.6922,101.75,38,48,5.41,scattered clouds
577,Chifeng,CN,42.2683,118.9636,65.66,91,27,2.1,scattered clouds
578,Lydenburg,ZA,-25.0978,30.4597,65.39,36,0,2.39,clear sky
579,Bosaso,SO,11.2842,49.1816,94.19,42,14,3.22,few clouds
580,Gat,IL,31.61,34.7642,87.4,41,0,12.19,clear sky
581,Dharchula,IN,29.85,80.5333,76.24,89,69,1.99,broken clouds
582,Saint-Nazaire,FR,47.2833,-2.2,82.67,43,0,10.36,clear sky
583,Kitgum,UG,3.2783,32.8867,78.35,55,80,0.76,broken clouds
584,Axim,GH,4.8699,-2.2405,79.59,79,98,10.29,light rain
585,Sao Felix Do Xingu,BR,-6.6447,-51.995,90.61,36,40,4.88,scattered clouds
586,Port Macquarie,AU,-31.4333,152.9167,60.69,94,100,10.36,light rain
587,Pangnirtung,CA,66.1451,-65.7125,42.8,87,20,17.27,few clouds
588,Pandan,PH,14.0453,124.1694,79.65,87,89,5.28,overcast clouds
589,Angoram,PG,-4.0625,144.0661,73.83,99,100,0.98,overcast clouds
590,Maneadero,MX,31.7167,-116.5667,68.11,82,8,1.99,clear sky
591,Makat,KZ,47.6469,53.3463,75.87,34,6,20.24,clear sky
592,Maragheh,IR,37.3917,46.2398,80.87,24,20,19.57,few clouds
593,Campbell River,CA,50.0163,-125.2446,59.59,100,100,2.3,overcast clouds
594,Taraz,KZ,42.9,71.3667,81.01,26,46,4.47,scattered clouds
595,Flagstaff,US,35.1981,-111.6513,72.52,35,0,6.91,clear sky
596,Yishui,CN,35.7847,118.6281,74.7,92,100,5.28,overcast clouds
597,Baoqing,CN,46.3317,132.2111,67.42,91,78,8.05,broken clouds
598,Ixtapa,MX,20.7,-105.2,82.22,83,75,3.0,broken clouds
599,Jardim,BR,-21.4803,-56.1381,84.7,21,66,10.63,broken clouds
600,Shubarkuduk,KZ,49.1447,56.4872,65.34,54,70,13.0,broken clouds
601,Buedu,SL,8.2803,-10.3719,81.99,68,94,1.5,overcast clouds
602,Ola,RU,59.5833,151.2833,53.31,89,75,3.02,broken clouds
603,Sherpur,BD,25.0188,90.0175,80.19,83,89,6.06,overcast clouds
604,Sur,OM,22.5667,59.5289,86.5,77,75,10.4,broken clouds
605,Hami,CN,42.8,93.45,82.38,24,40,21.7,scattered clouds
606,Eenhana,NA,-17.4667,16.3333,82.45,17,0,6.78,clear sky
607,Vieste,IT,41.8825,16.175,83.52,53,0,11.32,clear sky
608,Wajima,JP,37.4,136.9,73.78,91,4,7.29,clear sky
609,Dzilam Gonzalez,MX,21.2833,-88.9333,87.39,56,29,4.29,scattered clouds
610,Vestmannaeyjar,IS,63.4427,-20.2734,52.79,93,100,8.05,overcast clouds
611,Mayo,US,38.8876,-76.5119,89.71,67,20,5.75,few clouds
612,Sinnamary,GF,5.3833,-52.95,75.96,89,98,2.19,overcast clouds
613,Singapore,SG,1.2897,103.8501,84.2,77,75,4.61,broken clouds
614,Sitka,US,57.0531,-135.33,55.29,88,100,8.05,mist
615,Berani,PK,25.785,68.8069,95.38,50,40,10.56,scattered clouds
616,Da Nang,VN,16.0678,108.2208,82.38,83,40,2.3,scattered clouds
617,Isla Mujeres,MX,21.2311,-86.731,86.05,65,15,5.82,few clouds
618,Poum,NC,-20.2333,164.0167,77.7,80,100,19.95,overcast clouds
619,Qaqortoq,GL,60.7167,-46.0333,46.17,85,100,4.74,overcast clouds
620,Saint-Leu,RE,-21.15,55.2833,69.31,71,26,14.99,scattered clouds
621,Kamina,CD,-8.7386,24.9906,82.26,21,7,6.29,clear sky
622,Binga,ZW,-17.6203,27.3414,75.29,40,1,5.35,clear sky
623,Leningradskiy,RU,69.3833,178.4167,39.54,87,99,12.41,overcast clouds
624,Sungurlare,BG,42.7667,26.7833,87.17,35,37,7.0,scattered clouds
625,Nicoya,CR,10.1483,-85.452,81.52,78,85,2.98,overcast clouds
626,Burns Lake,CA,54.2331,-125.7533,56.62,97,100,3.47,overcast clouds
627,Voznesenye,RU,61.0106,35.4781,69.01,52,99,7.45,overcast clouds
628,Natal,BR,-5.795,-35.2094,88.02,62,40,20.71,scattered clouds
629,Simao,CN,22.7886,100.9748,67.21,99,50,2.46,scattered clouds
630,Allapalli,IN,19.4167,80.0667,78.4,92,100,3.74,light rain
631,Pingxiang,CN,27.6167,113.85,77.13,94,100,3.38,overcast clouds
632,Solenzo,BF,12.1833,-4.0833,93.65,40,29,5.28,scattered clouds
633,Atar,MR,20.5169,-13.0499,111.81,8,8,17.9,clear sky
634,Vanavara,RU,60.34,102.2797,59.18,76,66,3.71,broken clouds
635,Oktyabrskoye,RU,43.0645,44.7417,78.35,36,79,13.42,broken clouds
636,Solnechnyy,RU,50.7214,136.6319,70.38,91,74,5.79,broken clouds
637,Asau,RO,46.4333,26.4,76.12,78,100,1.99,light rain
638,Pyapon,MM,16.2833,95.6833,80.33,88,100,5.88,overcast clouds
639,Murten,CH,46.9283,7.1172,81.1,40,11,8.05,few clouds
640,La Baule-Escoublac,FR,47.2922,-2.364,81.72,45,0,10.36,clear sky
641,Mananjary,MG,-21.2167,48.3333,68.68,81,0,5.35,clear sky
642,Nouadhibou,MR,20.931,-17.0347,76.98,65,0,20.71,dust
643,Wum,CM,6.3833,10.0667,72.95,82,98,3.67,light rain
644,Bonnyville,CA,54.2668,-110.735,62.4,88,99,6.31,overcast clouds
645,Sfantu Gheorghe,RO,45.8667,25.7833,69.26,81,93,12.26,overcast clouds
646,Smolenka,RU,52.1352,113.4974,59.07,100,98,2.24,overcast clouds
647,Devonport,AU,-41.1667,146.35,46.99,85,15,2.15,few clouds
648,Rayong,TH,12.8333,101.4333,83.08,99,100,4.43,overcast clouds
649,Am Timan,TD,11.0297,20.2827,93.79,36,19,6.53,few clouds
650,Saldanha,ZA,-33.0117,17.9442,60.85,66,0,6.85,clear sky
651,Sola,VU,-13.8833,167.55,77.67,94,75,0.0,broken clouds
652,Cogealac,RO,44.55,28.5667,86.05,32,0,12.59,clear sky
653,Morondava,MG,-20.2833,44.2833,74.77,67,0,14.52,clear sky
654,Atherton,GB,53.5237,-2.4935,65.75,76,100,8.01,overcast clouds
655,Bonfim,BR,3.0833,-59.95,85.46,62,9,1.99,clear sky
656,Xinqing,CN,48.2333,129.5,69.64,96,81,3.76,broken clouds
657,Port Augusta,AU,-32.5,137.7667,45.54,87,0,5.73,clear sky
658,Dongsheng,CN,39.8161,109.9776,74.79,40,0,13.51,clear sky
659,Bubaque,GW,11.2833,-15.8333,80.91,79,99,10.92,overcast clouds
660,Formosa Do Rio Preto,BR,-11.0483,-45.1931,86.09,29,0,9.04,clear sky
661,General Roca,AR,-39.0333,-67.5833,53.62,38,66,29.42,broken clouds
662,Kurilsk,RU,45.2333,147.8833,51.4,76,41,6.73,scattered clouds
663,Koygorodok,RU,60.445,50.9968,77.5,53,35,8.03,scattered clouds
664,Boralday,KZ,43.3578,76.8594,75.06,35,0,4.47,clear sky
665,Do Gonbadan,IR,30.3586,50.7981,104.09,15,1,11.5,clear sky
666,Zachepylivka,UA,49.1939,35.2394,91.98,25,47,8.37,scattered clouds
667,Amahai,ID,-3.3333,128.9167,76.73,89,100,8.21,overcast clouds
668,Steubenville,US,40.3698,-80.634,82.87,71,91,7.0,overcast clouds
669,Kurchum,KZ,48.5722,83.6542,69.62,40,14,6.31,few clouds
670,Nishihara,JP,26.1842,127.7558,81.68,89,20,8.05,few clouds
671,Waipawa,NZ,-41.4122,175.5153,37.98,86,59,4.0,broken clouds
672,Sulina,RO,45.1559,29.6536,82.24,47,0,9.44,clear sky
673,Sayyan,YE,15.1718,44.3244,73.58,27,96,10.02,overcast clouds
674,Verkhnyaya Inta,RU,65.9811,60.3094,73.69,46,0,3.51,clear sky
675,Taoudenni,ML,22.6783,-3.9836,116.4,4,1,11.21,clear sky
676,Tahoua,NE,14.8888,5.2692,98.58,34,20,4.61,few clouds
677,Gumdag,TM,39.2061,54.5906,88.99,16,0,16.64,clear sky
678,Cocobeach,GA,1.0002,9.5823,76.95,79,86,9.48,overcast clouds
679,Bezhetsk,RU,57.7851,36.6965,76.66,64,96,7.25,overcast clouds
680,Lyskovo,RU,56.0328,45.0422,73.44,72,68,4.45,light rain
681,Zyryanka,RU,65.75,150.85,54.9,73,59,5.64,broken clouds
682,Hanmer Springs,NZ,-42.5167,172.8167,37.58,65,98,4.56,overcast clouds
683,Nueva Loja,EC,0.0847,-76.8828,75.22,88,75,3.44,broken clouds
684,Couva,TT,10.4225,-61.4675,87.78,1,100,8.01,overcast clouds
685,Muzaffargarh,PK,30.0754,71.1921,103.39,33,100,7.56,overcast clouds
686,Puerto Madero,MX,14.7208,-92.4215,80.8,100,40,0.0,scattered clouds
687,Moscow,RU,55.7522,37.6156,84.63,85,100,8.05,moderate rain
688,Barra Dos Coqueiros,BR,-10.9089,-37.0386,77.02,83,100,14.97,overcast clouds
689,Beipiao,CN,41.7919,120.7792,68.29,97,100,1.99,overcast clouds
690,Ordzhonikidze,KZ,52.4411,61.7408,60.35,60,77,7.14,broken clouds
691,Rafsanjan,IR,30.4067,55.9939,94.46,15,2,14.58,clear sky
692,Doha,QA,25.2867,51.5333,104.31,60,100,6.91,overcast clouds
693,Lamu,KE,-2.2717,40.902,79.02,78,14,19.33,light rain
694,Oberndorf,DE,48.2905,8.5722,76.3,58,39,9.37,scattered clouds
695,Miri,MY,4.4148,114.0089,77.14,94,40,5.75,scattered clouds
696,Kloulklubed,PW,7.0419,134.2556,77.5,72,72,3.04,broken clouds
697,Berezovka,BY,53.7214,25.4993,56.73,96,100,9.48,overcast clouds
698,Strathpeffer,GB,57.588,-4.5382,59.16,83,100,15.7,overcast clouds
699,Yaring,TH,6.8662,101.3689,80.08,79,62,6.51,light rain
700,Sterling,US,39.0062,-77.4286,88.11,64,75,8.99,broken clouds
701,Ambilobe,MG,-13.2,49.05,72.23,72,11,2.33,few clouds
702,Tiberias,IL,32.7922,35.5312,93.97,38,0,14.94,clear sky
703,Riyadh,SA,24.6877,46.7219,104.14,9,89,14.79,overcast clouds
704,Warwick,US,41.7001,-71.4162,84.9,65,75,13.8,broken clouds
705,Pula,HR,44.8683,13.8481,88.36,35,20,9.22,few clouds
706,Shellbrook,CA,53.2168,-106.4011,56.43,90,100,7.56,overcast clouds
707,Faya,SA,18.3851,42.4509,77.52,25,82,10.58,broken clouds
708,Ahuimanu,US,21.4447,-157.8378,74.91,80,0,12.66,clear sky
709,Radhanpur,IN,23.8333,71.6,90.75,57,63,9.89,broken clouds
710,Bikin,RU,46.8161,134.26,71.69,97,0,4.05,clear sky
